<?xml version="1.0" encoding="UTF-8"?>
<root>
  <item name="me.xiaopan.sketch.util.ExifInterface void readImageFileDirectory(me.xiaopan.sketch.util.ExifInterface.ByteOrderedDataInputStream, int) 1">
    <annotation name="android.support.annotation.IntDef">
      <val name="value" val="{me.xiaopan.sketch.util.ExifInterface.IFD_TYPE_PRIMARY, me.xiaopan.sketch.util.ExifInterface.IFD_TYPE_EXIF, me.xiaopan.sketch.util.ExifInterface.IFD_TYPE_GPS, me.xiaopan.sketch.util.ExifInterface.IFD_TYPE_INTEROPERABILITY, me.xiaopan.sketch.util.ExifInterface.IFD_TYPE_THUMBNAIL, me.xiaopan.sketch.util.ExifInterface.IFD_TYPE_PREVIEW, me.xiaopan.sketch.util.ExifInterface.IFD_TYPE_ORF_MAKER_NOTE, me.xiaopan.sketch.util.ExifInterface.IFD_TYPE_ORF_CAMERA_SETTINGS, me.xiaopan.sketch.util.ExifInterface.IFD_TYPE_ORF_IMAGE_PROCESSING, me.xiaopan.sketch.util.ExifInterface.IFD_TYPE_PEF}" />
    </annotation>
  </item>
  <item name="me.xiaopan.sketch.util.ExifInterface void swapBasedOnImageSize(int, int) 0">
    <annotation name="android.support.annotation.IntDef">
      <val name="value" val="{me.xiaopan.sketch.util.ExifInterface.IFD_TYPE_PRIMARY, me.xiaopan.sketch.util.ExifInterface.IFD_TYPE_EXIF, me.xiaopan.sketch.util.ExifInterface.IFD_TYPE_GPS, me.xiaopan.sketch.util.ExifInterface.IFD_TYPE_INTEROPERABILITY, me.xiaopan.sketch.util.ExifInterface.IFD_TYPE_THUMBNAIL, me.xiaopan.sketch.util.ExifInterface.IFD_TYPE_PREVIEW, me.xiaopan.sketch.util.ExifInterface.IFD_TYPE_ORF_MAKER_NOTE, me.xiaopan.sketch.util.ExifInterface.IFD_TYPE_ORF_CAMERA_SETTINGS, me.xiaopan.sketch.util.ExifInterface.IFD_TYPE_ORF_IMAGE_PROCESSING, me.xiaopan.sketch.util.ExifInterface.IFD_TYPE_PEF}" />
    </annotation>
  </item>
  <item name="me.xiaopan.sketch.util.ExifInterface void swapBasedOnImageSize(int, int) 1">
    <annotation name="android.support.annotation.IntDef">
      <val name="value" val="{me.xiaopan.sketch.util.ExifInterface.IFD_TYPE_PRIMARY, me.xiaopan.sketch.util.ExifInterface.IFD_TYPE_EXIF, me.xiaopan.sketch.util.ExifInterface.IFD_TYPE_GPS, me.xiaopan.sketch.util.ExifInterface.IFD_TYPE_INTEROPERABILITY, me.xiaopan.sketch.util.ExifInterface.IFD_TYPE_THUMBNAIL, me.xiaopan.sketch.util.ExifInterface.IFD_TYPE_PREVIEW, me.xiaopan.sketch.util.ExifInterface.IFD_TYPE_ORF_MAKER_NOTE, me.xiaopan.sketch.util.ExifInterface.IFD_TYPE_ORF_CAMERA_SETTINGS, me.xiaopan.sketch.util.ExifInterface.IFD_TYPE_ORF_IMAGE_PROCESSING, me.xiaopan.sketch.util.ExifInterface.IFD_TYPE_PEF}" />
    </annotation>
  </item>
  <item name="me.xiaopan.sketch.util.ExifInterface.IfdType">
    <annotation name="android.support.annotation.IntDef">
      <val name="value" val="{me.xiaopan.sketch.util.ExifInterface.IFD_TYPE_PRIMARY, me.xiaopan.sketch.util.ExifInterface.IFD_TYPE_EXIF, me.xiaopan.sketch.util.ExifInterface.IFD_TYPE_GPS, me.xiaopan.sketch.util.ExifInterface.IFD_TYPE_INTEROPERABILITY, me.xiaopan.sketch.util.ExifInterface.IFD_TYPE_THUMBNAIL, me.xiaopan.sketch.util.ExifInterface.IFD_TYPE_PREVIEW, me.xiaopan.sketch.util.ExifInterface.IFD_TYPE_ORF_MAKER_NOTE, me.xiaopan.sketch.util.ExifInterface.IFD_TYPE_ORF_CAMERA_SETTINGS, me.xiaopan.sketch.util.ExifInterface.IFD_TYPE_ORF_IMAGE_PROCESSING, me.xiaopan.sketch.util.ExifInterface.IFD_TYPE_PEF}" />
    </annotation>
  </item>
</root>

